{
  "model_type": "lgbm",
  "training_time": null,
  "best_config": {
    "n_estimators": 69,
    "min_child_samples": 9,
    "learning_rate": 0.13721904927750717,
    "log_max_bin": 7,
    "colsample_bytree": 0.9707138888391484,
    "reg_alpha": 0.013151273515087575,
    "reg_lambda": 22.150431484471895,
    "num_leaves": 68
  },
  "metrics": {
    "train": {
      "set_name": "train",
      "n_samples": 853340,
      "accuracy": 0.47356739400473435,
      "balanced_accuracy": 0.15394715857376368,
      "log_loss": 1.374543579162899,
      "f1_macro": 0.11641524407956716,
      "f1_weighted": 0.33602267005784264,
      "precision_macro": 0.26400687249975785,
      "recall_macro": 0.15394715857376368,
      "classification_report": {
        "1B": {
          "precision": 0.0,
          "recall": 0.0,
          "f1-score": 0.0,
          "support": 122251.0
        },
        "2B": {
          "precision": 0.0,
          "recall": 0.0,
          "f1-score": 0.0,
          "support": 37773.0
        },
        "3B": {
          "precision": 0.0,
          "recall": 0.0,
          "f1-score": 0.0,
          "support": 3245.0
        },
        "BB": {
          "precision": 0.9090909090909091,
          "recall": 0.00014105964001579868,
          "f1-score": 0.0002820755116144592,
          "support": 70892.0
        },
        "HR": {
          "precision": 0.0,
          "recall": 0.0,
          "f1-score": 0.0,
          "support": 26533.0
        },
        "K": {
          "precision": 0.4648918682350932,
          "recall": 0.11035601165589763,
          "f1-score": 0.17837045288860856,
          "support": 197325.0
        },
        "OUT": {
          "precision": 0.4740653301723026,
          "recall": 0.9671330387204322,
          "f1-score": 0.6362541801567471,
          "support": 395321.0
        },
        "accuracy": 0.47356739400473435,
        "macro avg": {
          "precision": 0.26400687249975785,
          "recall": 0.15394715857376368,
          "f1-score": 0.11641524407956716,
          "support": 853340.0
        },
        "weighted avg": {
          "precision": 0.4026414336791986,
          "recall": 0.47356739400473435,
          "f1-score": 0.33602267005784264,
          "support": 853340.0
        }
      },
      "roc_auc_ovr": 0.6410523102546628,
      "confusion_matrix": [
        [
          0,
          0,
          0,
          0,
          0,
          4528,
          117723
        ],
        [
          0,
          0,
          0,
          0,
          0,
          1545,
          36228
        ],
        [
          0,
          0,
          0,
          0,
          0,
          132,
          3113
        ],
        [
          0,
          0,
          0,
          10,
          0,
          4453,
          66429
        ],
        [
          0,
          0,
          0,
          0,
          0,
          1415,
          25118
        ],
        [
          0,
          0,
          0,
          0,
          0,
          21776,
          175549
        ],
        [
          0,
          0,
          0,
          1,
          0,
          12992,
          382328
        ]
      ]
    },
    "val": {
      "set_name": "val",
      "n_samples": 42831,
      "accuracy": 0.4755434148163713,
      "balanced_accuracy": 0.1486141580513897,
      "log_loss": 1.4103965114672228,
      "f1_macro": 0.10893239529404912,
      "f1_weighted": 0.3313892447591207,
      "precision_macro": 0.12266795625703233,
      "recall_macro": 0.1486141580513897,
      "classification_report": {
        "1B": {
          "precision": 0.0,
          "recall": 0.0,
          "f1-score": 0.0,
          "support": 6227.0
        },
        "2B": {
          "precision": 0.0,
          "recall": 0.0,
          "f1-score": 0.0,
          "support": 1832.0
        },
        "3B": {
          "precision": 0.0,
          "recall": 0.0,
          "f1-score": 0.0,
          "support": 147.0
        },
        "BB": {
          "precision": 0.0,
          "recall": 0.0,
          "f1-score": 0.0,
          "support": 3398.0
        },
        "HR": {
          "precision": 0.0,
          "recall": 0.0,
          "f1-score": 0.0,
          "support": 1373.0
        },
        "K": {
          "precision": 0.3788716814159292,
          "recall": 0.07188582222688635,
          "f1-score": 0.12084325659345506,
          "support": 9529.0
        },
        "OUT": {
          "precision": 0.4798040123832972,
          "recall": 0.9684132841328413,
          "f1-score": 0.6416835104648888,
          "support": 20325.0
        },
        "accuracy": 0.4755434148163713,
        "macro avg": {
          "precision": 0.12266795625703233,
          "recall": 0.1486141580513897,
          "f1-score": 0.10893239529404912,
          "support": 42831.0
        },
        "weighted avg": {
          "precision": 0.3119769513647336,
          "recall": 0.4755434148163713,
          "f1-score": 0.3313892447591207,
          "support": 42831.0
        }
      },
      "roc_auc_ovr": 0.5773593336974789,
      "confusion_matrix": [
        [
          0,
          0,
          0,
          0,
          0,
          202,
          6025
        ],
        [
          0,
          0,
          0,
          0,
          0,
          63,
          1769
        ],
        [
          0,
          0,
          0,
          0,
          0,
          3,
          144
        ],
        [
          0,
          0,
          0,
          0,
          0,
          161,
          3237
        ],
        [
          0,
          0,
          0,
          0,
          0,
          52,
          1321
        ],
        [
          0,
          0,
          0,
          0,
          0,
          685,
          8844
        ],
        [
          0,
          0,
          0,
          0,
          0,
          642,
          19683
        ]
      ]
    },
    "test": {
      "set_name": "test",
      "n_samples": 90898,
      "accuracy": 0.4634975467006975,
      "balanced_accuracy": 0.14904611160213754,
      "log_loss": 1.4236653902344771,
      "f1_macro": 0.10915935188926044,
      "f1_weighted": 0.3222521320505165,
      "precision_macro": 0.19200227483360013,
      "recall_macro": 0.14904611160213754,
      "classification_report": {
        "1B": {
          "precision": 0.0,
          "recall": 0.0,
          "f1-score": 0.0,
          "support": 12927.0
        },
        "2B": {
          "precision": 0.0,
          "recall": 0.0,
          "f1-score": 0.0,
          "support": 3950.0
        },
        "3B": {
          "precision": 0.0,
          "recall": 0.0,
          "f1-score": 0.0,
          "support": 317.0
        },
        "BB": {
          "precision": 0.5,
          "recall": 0.00013089005235602096,
          "f1-score": 0.00026171159382360636,
          "support": 7640.0
        },
        "HR": {
          "precision": 0.0,
          "recall": 0.0,
          "f1-score": 0.0,
          "support": 2971.0
        },
        "K": {
          "precision": 0.3758741258741259,
          "recall": 0.08164427778041487,
          "f1-score": 0.1341496704753734,
          "support": 21067.0
        },
        "OUT": {
          "precision": 0.4681417979610751,
          "recall": 0.961547613382192,
          "f1-score": 0.6297040811556261,
          "support": 42026.0
        },
        "accuracy": 0.4634975467006975,
        "macro avg": {
          "precision": 0.19200227483360013,
          "recall": 0.14904611160213754,
          "f1-score": 0.10915935188926044,
          "support": 90898.0
        },
        "weighted avg": {
          "precision": 0.3455815024632264,
          "recall": 0.4634975467006975,
          "f1-score": 0.3222521320505165,
          "support": 90898.0
        }
      },
      "roc_auc_ovr": 0.5799526363518616,